Age,Lumped_Age,Genus,Species,Size,Clade1,Clade2,McHenry_shape1,McHenry_shape2,Pierce_shape,Shape,Shape_clade,image
Juvenile,two,Alligator,A. mississippiensis,2.25,Alligatoroidea,Alligatoroidea,Mesorostrine,Mesorostrine,Short_Narrow,Moderate,Moderate: Alligatoridae,'A_mississippiensis_MCZ161018_dorsal.JPG'
Juvenile,two,Alligator,A. mississippiensis,1.75,Alligatoroidea,Alligatoroidea,Mesorostrine,Mesorostrine,Short_Narrow,Moderate,Moderate: Alligatoridae,'A_mississippiensis_MCZ17706_dorsal.JPG'
Adult,three,Alligator,A. mississippiensis,2.75,Alligatoroidea,Alligatoroidea,Mesorostrine,Mesorostrine,Short_Narrow,Moderate,Moderate: Alligatoridae,'A_mississippiensis_MCZ33949_dorsal.JPG'
Juvenile,two,Alligator,A. mississippiensis,1.75,Alligatoroidea,Alligatoroidea,Mesorostrine,Mesorostrine,Short_Narrow,Moderate,Moderate: Alligatoridae,'A_mississippiensis_MCZ61221_dorsal.JPG'
Subadult,three,Alligator,A. mississippiensis,2.5,Alligatoroidea,Alligatoroidea,Mesorostrine,Mesorostrine,Short_Narrow,Moderate,Moderate: Alligatoridae,'A_mississippiensis_MCZ81457_dorsal.JPG'
Juvenile,two,Alligator,A. mississippiensis,2,Alligatoroidea,Alligatoroidea,Mesorostrine,Mesorostrine,Short_Narrow,Moderate,Moderate: Alligatoridae,'A_mississippiensis_TMM-M-253_Dorsal_merged.jpg'
Adult,three,Alligator,A. mississippiensis,2.75,Alligatoroidea,Alligatoroidea,Mesorostrine,Mesorostrine,Short_Narrow,Moderate,Moderate: Alligatoridae,'A_mississippiensis_TMM-M-4135_Dorsal_merged.jpg'
Adult,three,Alligator,A. mississippiensis,2.75,Alligatoroidea,Alligatoroidea,Mesorostrine,Mesorostrine,Short_Narrow,Moderate,Moderate: Alligatoridae,'A_mississippiensis_TMM-M-4863_Dorsal_merged.jpg'
Adult,three,Alligator,A. mississippiensis,2.75,Alligatoroidea,Alligatoroidea,Mesorostrine,Mesorostrine,Short_Narrow,Moderate,Moderate: Alligatoridae,'A_mississippiensis_TMM-M-4864_Dorsal_merged.jpg'
Juvenile,two,Alligator,A. mississippiensis,1.75,Alligatoroidea,Alligatoroidea,Mesorostrine,Mesorostrine,Short_Narrow,Moderate,Moderate: Alligatoridae,'A_mississippiensis_TMM-M-6707_Dorsal.JPG'
Adult,three,Alligator,A. mississippiensis,2.75,Alligatoroidea,Alligatoroidea,Mesorostrine,Mesorostrine,Short_Narrow,Moderate,Moderate: Alligatoridae,'A_mississippiensis_TMM-M-67_Dorsal_merged.jpg'
Adult,three,Alligator,A. mississippiensis,2.75,Alligatoroidea,Alligatoroidea,Mesorostrine,Mesorostrine,Short_Narrow,Moderate,Moderate: Alligatoridae,'A_mississippiensis_TMM-M-7388_Dorsal_merged.jpg'
Juvenile,two,Alligator,A. mississippiensis,1.5,Alligatoroidea,Alligatoroidea,Mesorostrine,Mesorostrine,Short_Narrow,Moderate,Moderate: Alligatoridae,'A_mississippiensis_TMM-M-7467_Dorsal_merged.jpg'
Subadult,three,Alligator,A. mississippiensis,2.5,Alligatoroidea,Alligatoroidea,Mesorostrine,Mesorostrine,Short_Narrow,Moderate,Moderate: Alligatoridae,'A_mississippiensis_TMM-M-7487_Dorsal_merged.jpg'
Subadult,three,Alligator,A. mississippiensis,2.5,Alligatoroidea,Alligatoroidea,Mesorostrine,Mesorostrine,Short_Narrow,Moderate,Moderate: Alligatoridae,'A_mississippiensis_TMM-M-7488_Dorsal_merged.jpg'
Subadult,three,Alligator,A. mississippiensis,2.5,Alligatoroidea,Alligatoroidea,Mesorostrine,Mesorostrine,Short_Narrow,Moderate,Moderate: Alligatoridae,'A_mississippiensis_TMM-M-7846_Dorsal.JPG'
Juvenile,two,Alligator,A. mississippiensis,1.75,Alligatoroidea,Alligatoroidea,Mesorostrine,Mesorostrine,Short_Narrow,Moderate,Moderate: Alligatoridae,'A_mississippiensis_TMM-M-8664_Dorsal.JPG'
Subadult,three,Alligator,A. mississippiensis,2.25,Alligatoroidea,Alligatoroidea,Mesorostrine,Mesorostrine,Short_Narrow,Moderate,Moderate: Alligatoridae,'A_mississippiensis_TMM-M-983_Dorsal_merged.jpg'
Juvenile,two,Alligator,A. sinensis,2.25,Alligatoroidea,Alligatoroidea,Brevirostine,Brevirostine,Short_Narrow,Moderate,Moderate: Alligatoridae,'A_sinensis_MCZ17550_dorsal.JPG'
Juvenile,two,Crocodylus,C. acutus,2,Crocodyloidea,Crocodyloidea,Mesorostrine,Mesorostrine,Long_Narrow,Slender,Slender,'C_acutus_MCZ17599_dorsal_merged.jpg'
Subadult,three,Crocodylus,C. acutus,2.25,Crocodyloidea,Crocodyloidea,Mesorostrine,Mesorostrine,Long_Narrow,Slender,Slender,'C_acutus_MCZ4041_dorsal.JPG'
Juvenile,two,Crocodylus,C. acutus,1.75,Crocodyloidea,Crocodyloidea,Mesorostrine,Mesorostrine,Long_Narrow,Slender,Slender,'C_acutus_MCZ5002_dorsal.JPG'
Juvenile,two,Crocodylus,C. acutus,2,Crocodyloidea,Crocodyloidea,Mesorostrine,Mesorostrine,Long_Narrow,Slender,Slender,'C_acutus_MCZ5007_dorsal.JPG'
Subadult,three,Crocodylus,C. acutus,2.25,Crocodyloidea,Crocodyloidea,Mesorostrine,Mesorostrine,Long_Narrow,Slender,Slender,'C_acutus_MCZ5032_dorsal.JPG'
Adult,three,Crocodylus,C. acutus,2.75,Crocodyloidea,Crocodyloidea,Mesorostrine,Mesorostrine,Long_Narrow,Slender,Slender,'C_acutus_MCZ5391_dorsal.JPG'
Adult,three,Crocodylus,C. acutus,2.75,Crocodyloidea,Crocodyloidea,Mesorostrine,Mesorostrine,Long_Narrow,Slender,Slender,'C_acutus_TMM-M-1786_Dorsal.JPG'
Adult,three,Crocodylus,C. acutus,2.5,Crocodyloidea,Crocodyloidea,Mesorostrine,Mesorostrine,Long_Narrow,Slender,Slender,'C_acutus_TMM-M-6040_Dorsal.JPG'
Adult,three,Crocodylus,C. johnsoni,2.5,Crocodyloidea,Crocodyloidea,Longirostrine,Longirostrine,Long_Narrow,Slender,Slender,'C_johnsoni_MCZ58790_dorsal.JPG'
Subadult,three,Crocodylus,C. johnsoni,2.25,Crocodyloidea,Crocodyloidea,Longirostrine,Longirostrine,Long_Narrow,Slender,Slender,'C_johnsoni_TMM-M-6807_Dorsal_merged.jpg'
Subadult,three,Crocodylus,C. moreletii,2.5,Crocodyloidea,Crocodyloidea,Mesorostrine,Mesorostrine,Short_Broad,Moderate,Moderate: Crocodylidae,'C_moreletti_TMM-M-4980_Dorsal.JPG'
Subadult,three,Crocodylus,C. moreletii,2.5,Crocodyloidea,Crocodyloidea,Mesorostrine,Mesorostrine,Short_Broad,Moderate,Moderate: Crocodylidae,'C_moreletti_TMM-M-5491_Dorsal.JPG'
Adult,three,Crocodylus,C. niloticus,2.75,Crocodyloidea,Crocodyloidea,Mesorostrine,Mesorostrine,Short_Narrow,Moderate,Moderate: Crocodylidae,'C_niloticus_MCZ31565_dorsal.JPG'
Adult,three,Crocodylus,C. niloticus,2.75,Crocodyloidea,Crocodyloidea,Mesorostrine,Mesorostrine,Short_Narrow,Moderate,Moderate: Crocodylidae,'C_niloticus_MCZ50302_dorsal.JPG'
Juvenile,two,Crocodylus,C. novaeguineae,2,Crocodyloidea,Crocodyloidea,Mesorostrine,Mesorostrine,Long_Narrow,Slender,Slender,'C_novaeguineae_MCZ153040_dorsal.JPG'
Adult,three,Crocodylus,C. novaeguineae,2.75,Crocodyloidea,Crocodyloidea,Mesorostrine,Mesorostrine,Long_Narrow,Slender,Slender,'C_novaeguineae_MCZ32100_dorsal.JPG'
Subadult,three,Crocodylus,C. novaeguineae,2.5,Crocodyloidea,Crocodyloidea,Mesorostrine,Mesorostrine,Long_Narrow,Slender,Slender,'C_novaeguineae_TMM-M-12618_Dorsal_merged.jpg'
Adult,three,Crocodylus,C. palustris,2.75,Crocodyloidea,Crocodyloidea,Mesorostrine,Mesorostrine,Short_Broad,Moderate,Moderate: Crocodylidae,'C_palustris_MCZ42174_dorsal.JPG'
Juvenile,two,Crocodylus,C. porosus,2.25,Crocodyloidea,Crocodyloidea,Mesorostrine,Mesorostrine,Short_Narrow,Moderate,Moderate: Crocodylidae,'C_porosus_MCZ43743_dorsal_merged.jpg'
Juvenile,two,Crocodylus,C. porosus,2.25,Crocodyloidea,Crocodyloidea,Mesorostrine,Mesorostrine,Short_Narrow,Moderate,Moderate: Crocodylidae,'C_porosus_TMM-M-6805_Dorsal.JPG'
Subadult,three,Crocodylus,C. rhombifer,2.25,Crocodyloidea,Crocodyloidea,Mesorostrine,Mesorostrine,Short_Broad,Moderate,Moderate: Crocodylidae,'C_rhombifer_MCZ33394_dorsal.JPG'
Juvenile,two,Crocodylus,C. rhombifer,2,Crocodyloidea,Crocodyloidea,Mesorostrine,Mesorostrine,Short_Broad,Moderate,Moderate: Crocodylidae,'C_rhombifer_MCZ33600_dorsal.JPG'
Subadult,three,Crocodylus,C. rhombifer,2.5,Crocodyloidea,Crocodyloidea,Mesorostrine,Mesorostrine,Short_Broad,Moderate,Moderate: Crocodylidae,'C_rhombifer_MCZ4042_dorsal.JPG'
Juvenile,two,Crocodylus,C. siamensis,2.25,Crocodyloidea,Crocodyloidea,Mesorostrine,Mesorostrine,Short_Broad,Moderate,Moderate: Crocodylidae,'C_siamensis_MCZ17574_dorsal.JPG'
Subadult,three,Caiman,Caiman crocodilus,2.25,Alligatoroidea,Alligatoroidea,Brevirostine,Mesorostrine,Short_Broad,Blunt,Blunt,'Caiman_crocodilus_fuscus_MCZ5031_dorsal.JPG'
Juvenile,two,Caiman,Caiman crocodilus,2.5,Alligatoroidea,Alligatoroidea,Brevirostine,Mesorostrine,Short_Broad,Blunt,Blunt,'Caiman_crocodilus_MCZ32233_dorsal.JPG'
Adult,three,Caiman,Caiman crocodilus,2.5,Alligatoroidea,Alligatoroidea,Brevirostine,Mesorostrine,Short_Broad,Blunt,Blunt,'Caiman_crocodilus_MCZ3557_dorsal.JPG'
Subadult,three,Caiman,Caiman crocodilus,2.25,Alligatoroidea,Alligatoroidea,Brevirostine,Mesorostrine,Short_Broad,Blunt,Blunt,'Caiman_crocodilus_MCZ38661_dorsal.JPG'
Adult,three,Caiman,Caiman crocodilus,2.5,Alligatoroidea,Alligatoroidea,Brevirostine,Mesorostrine,Short_Broad,Blunt,Blunt,'Caiman_crocodilus_MCZ46632_dorsal.JPG'
Subadult,three,Caiman,Caiman crocodilus,2.25,Alligatoroidea,Alligatoroidea,Brevirostine,Mesorostrine,Short_Broad,Blunt,Blunt,'Caiman_crocodilus_MCZ_dorsal.JPG'
Juvenile,two,Caiman,Caiman crocodilus,2.25,Alligatoroidea,Alligatoroidea,Brevirostine,Mesorostrine,Short_Broad,Blunt,Blunt,'Caiman_crocodilus_TMM-M-4557_Dorsal_merged.jpg'
Juvenile,two,Caiman,Caiman crocodilus,1.75,Alligatoroidea,Alligatoroidea,Brevirostine,Mesorostrine,Short_Broad,Blunt,Blunt,'Caiman_sclerops_TMM-M-12048_Dorsal_merged.jpg'
Juvenile,two,Caiman,Caiman crocodilus,1.75,Alligatoroidea,Alligatoroidea,Brevirostine,Mesorostrine,Short_Broad,Blunt,Blunt,'Caiman_sclerops_TMM-M-837_Dorsal.JPG'
Adult,three,Caiman,Caiman crocodilus,2.5,Alligatoroidea,Alligatoroidea,Brevirostine,Mesorostrine,Short_Broad,Blunt,Blunt,'Caiman_TMM-M-1935_Dorsal_merged.jpg'
Juvenile,two,Caiman,Caiman crocodilus,2,Alligatoroidea,Alligatoroidea,Brevirostine,Mesorostrine,Short_Broad,Blunt,Blunt,'Caiman_TMM-M-7365_Dorsal_merged.jpg'
Adult,three,Gavialis,G. gangeticus,2.75,Gavialoidea,Gavialoidea,Longirostrine,Longirostrine,Long_Broad,Slender,Slender,'G_gangeticus_MCZ33950_dorsal.JPG'
Adult,three,Gavialis,G. gangeticus,3,Gavialoidea,Gavialoidea,Longirostrine,Longirostrine,Long_Broad,Slender,Slender,'G_gangeticus_MCZ46551_dorsal.JPG'
Subadult,three,Gavialis,G. gangeticus,2.75,Gavialoidea,Gavialoidea,Longirostrine,Longirostrine,Long_Broad,Slender,Slender,'G_gangeticus_TMM-M-5485_Dorsal.JPG'
Juvenile,two,Gavialis,G. gangeticus,2.5,Gavialoidea,Gavialoidea,Longirostrine,Longirostrine,Long_Broad,Slender,Slender,'G_gangeticus_TMM-M-5486_Dorsal.JPG'
Subadult,three,Gavialis,G. gangeticus,2.5,Gavialoidea,Gavialoidea,Longirostrine,Longirostrine,Long_Broad,Slender,Slender,'G_gangeticus_TMM-M-5487_Dorsal.JPG'
Juvenile,two,Gavialis,G. gangeticus,2.25,Gavialoidea,Gavialoidea,Longirostrine,Longirostrine,Long_Broad,Slender,Slender,'G_gangeticus_TMM-M-5490_Dorsal.JPG'
Adult,three,Gavialis,G. gangeticus,2.75,Gavialoidea,Gavialoidea,Longirostrine,Longirostrine,Long_Broad,Slender,Slender,'G_gangeticus_UF118998_Dorsal.JPG'
Juvenile,two,Mecistops,M. cataphractus,2,Crocodyloidea,Crocodyloidea,Longirostrine,Longirostrine,Long_Narrow,Slender,Slender,'M_cataphractus_MCZ13985_dorsal.JPG'
Adult,three,Mecistops,M. cataphractus,2.75,Crocodyloidea,Crocodyloidea,Longirostrine,Longirostrine,Long_Narrow,Slender,Slender,'M_cataphractus_MCZ22483_dorsal.JPG'
Subadult,three,Mecistops,M. cataphractus,2.5,Crocodyloidea,Crocodyloidea,Longirostrine,Longirostrine,Long_Narrow,Slender,Slender,'M_cataphractus_MCZ54251_dorsal.JPG'
Subadult,three,Mecistops,M. cataphractus,2.5,Crocodyloidea,Crocodyloidea,Longirostrine,Longirostrine,Long_Narrow,Slender,Slender,'M_cataphractus_TMM-M-3529_Dorsal.JPG'
Adult,three,Melanosuchus,Melanosuchus niger,2.5,Alligatoroidea,Alligatoroidea,Mesorostrine,Mesorostrine,Short_Broad,Blunt,Blunt,'M_niger_MCZ4043_dorsal.JPG'
Subadult,three,Osteolaemus,O. tetraspis,2,Crocodyloidea,Crocodyloidea,Brevirostine,Brevirostine,Short_Broad,Blunt,Blunt,'O_afzeli_TMM-M-6774_Dorsal.JPG'
Adult,three,Osteolaemus,O. tetraspis,2.25,Crocodyloidea,Crocodyloidea,Brevirostine,Brevirostine,Short_Broad,Blunt,Blunt,'O_tetraspis_tetraspis_MCZ17704_dorsal_merged.jpg'
Subadult,three,Osteolaemus,O. tetraspis,2.25,Crocodyloidea,Crocodyloidea,Brevirostine,Brevirostine,Short_Broad,Blunt,Blunt,'O_tetraspis_tetraspis_MCZ22913_dorsal.JPG'
Adult,three,Paleosuchus,P. trigonatus,2.5,Alligatoroidea,Alligatoroidea,Brevirostine,Brevirostine,Short_Narrow,Moderate,Moderate: Alligatoridae,'P_trigonatus_MCZ84030_dorsal.JPG'
Juvenile,two,Paleosuchus,P. trigonatus,2,Alligatoroidea,Alligatoroidea,Brevirostine,Brevirostine,Short_Narrow,Moderate,Moderate: Alligatoridae,'Paleosuchus_trigonatus_TMM-M-11981_Dorsal_merged.jpg'
Adult,three,Tomistoma,T. schlegelii,2.75,Crocodyloidea,Gavialoidea,Longirostrine,Longirostrine,Long_Narrow,Slender,Slender,'T_schlegelii_MCZ12459_dorsal.JPG'
Subadult,three,Tomistoma,T. schlegelii,2.5,Crocodyloidea,Gavialoidea,Longirostrine,Longirostrine,Long_Narrow,Slender,Slender,'T_schlegelii_TMM-M-6342_Dorsal.JPG'
Subadult,three,Tomistoma,T. schlegelii,2.5,Crocodyloidea,Gavialoidea,Longirostrine,Longirostrine,Long_Narrow,Slender,Slender,'T_schlegelii_TMM-M-6820_Dorsal.JPG'
Subadult,three,Tomistoma,T. schlegelii,2.5,Crocodyloidea,Gavialoidea,Longirostrine,Longirostrine,Long_Narrow,Slender,Slender,'T_schlegelii_WI-22-19_Dorsal.JPG'
Mid-Stage Embryo,one,Alligator,A. mississippiensis,1.25,Alligatoroidea,Alligatoroidea,Mesorostrine,Mesorostrine,Short_Narrow,Moderate,Moderate: Alligatoridae,'A_missiissippiensis_e40_Dorsal.jpg'
Adult,three,Alligator,A. sinensis,2.5,Alligatoroidea,Alligatoroidea,Brevirostine,Brevirostine,Short_Narrow,Moderate,Moderate: Alligatoridae,'A_sinensis_x184.jpg'
Adult,three,Crocodylus,C. intermedius,2.75,Crocodyloidea,Crocodyloidea,Mesorostrine,Mesorostrine,Long_Narrow,Slender,Slender,'C_intermedius_51-8-25-29.jpg'
Adult,three,Crocodylus,C. intermedius,2.75,Crocodyloidea,Crocodyloidea,Mesorostrine,Mesorostrine,Long_Narrow,Slender,Slender,'C_intermedius_62-10-19-1.jpg'
Subadult,three,Crocodylus,C. intermedius,2.75,Crocodyloidea,Crocodyloidea,Mesorostrine,Mesorostrine,Long_Narrow,Slender,Slender,'C_intermedius_USNM211281.jpg'
Adult,three,Caiman,Caiman latirostris,2.25,Alligatoroidea,Alligatoroidea,Brevirostine,Brevirostine,Short_Broad,Blunt,Blunt,'C_latrirostris_full mount.jpg'
Subadult,three,Crocodylus,C. mindorensis,2.5,Crocodyloidea,Crocodyloidea,Mesorostrine,Mesorostrine,Short_Narrow,Moderate,Moderate: Crocodylidae,'C_mindorensis_USNM37435.jpg'
Subadult,three,Crocodylus,C. moreletii,2.5,Crocodyloidea,Crocodyloidea,Mesorostrine,Mesorostrine,Short_Broad,Moderate,Moderate: Crocodylidae,'C_moreletii_USNM52335.jpg'
Adult,three,Crocodylus,C. moreletii,2.75,Crocodyloidea,Crocodyloidea,Mesorostrine,Mesorostrine,Short_Broad,Moderate,Moderate: Crocodylidae,'C_moreletti_61-4-1-4.jpg'
Late-Stage Embryo,one,Crocodylus,C. moreletii,1.5,Crocodyloidea,Crocodyloidea,Mesorostrine,Mesorostrine,Short_Broad,Moderate,Moderate: Crocodylidae,'C_moreletti_CSUC1633m_Dorsal.jpg'
Late-Stage Embryo,one,Crocodylus,C. moreletii,1.5,Crocodyloidea,Crocodyloidea,Mesorostrine,Mesorostrine,Short_Broad,Moderate,Moderate: Crocodylidae,'C_moreletti_CUSC1617_Dorsal.jpg'
Mid-Stage Embryo,one,Crocodylus,C. moreletii,1.25,Crocodyloidea,Crocodyloidea,Mesorostrine,Mesorostrine,Short_Broad,Moderate,Moderate: Crocodylidae,'C_moreletti_CUSC1633b_Dorsal.jpg'
Late-Stage Embryo,one,Crocodylus,C. moreletii,1.5,Crocodyloidea,Crocodyloidea,Mesorostrine,Mesorostrine,Short_Broad,Moderate,Moderate: Crocodylidae,'C_moreletti_CUSC1633n_Dorsal.jpg'
Mid-Stage Embryo,one,Crocodylus,C. moreletii,1.25,Crocodyloidea,Crocodyloidea,Mesorostrine,Mesorostrine,Short_Broad,Moderate,Moderate: Crocodylidae,'C_moreletti_CUSC1647_Dorsal.jpg'
Adult,three,Crocodylus,C. niloticus,2.5,Crocodyloidea,Crocodyloidea,Mesorostrine,Mesorostrine,Short_Narrow,Moderate,Moderate: Crocodylidae,'C_niloticus_1900-9-22-2.jpg'
Subadult,three,Crocodylus,C. niloticus,2.5,Crocodyloidea,Crocodyloidea,Mesorostrine,Mesorostrine,Short_Narrow,Moderate,Moderate: Crocodylidae,'C_niloticus_1904-10-10-1.jpg'
Adult,three,Crocodylus,C. niloticus,2.5,Crocodyloidea,Crocodyloidea,Mesorostrine,Mesorostrine,Short_Narrow,Moderate,Moderate: Crocodylidae,'C_niloticus_1907-12-30-5.jpg'
Subadult,three,Crocodylus,C. niloticus,2.5,Crocodyloidea,Crocodyloidea,Mesorostrine,Mesorostrine,Short_Narrow,Moderate,Moderate: Crocodylidae,'C_niloticus_1927-4-23-1.jpg'
Subadult,three,Crocodylus,C. niloticus,2.5,Crocodyloidea,Crocodyloidea,Mesorostrine,Mesorostrine,Short_Narrow,Moderate,Moderate: Crocodylidae,'C_niloticus_1927-4-23-2.jpg'
Juvenile,two,Crocodylus,C. niloticus,2,Crocodyloidea,Crocodyloidea,Mesorostrine,Mesorostrine,Short_Narrow,Moderate,Moderate: Crocodylidae,'C_niloticus_1931-5-3-1.jpg'
Subadult,three,Crocodylus,C. niloticus,2.25,Crocodyloidea,Crocodyloidea,Mesorostrine,Mesorostrine,Short_Narrow,Moderate,Moderate: Crocodylidae,'C_niloticus_1931-5-3-2.jpg'
Adult,three,Crocodylus,C. niloticus,2.75,Crocodyloidea,Crocodyloidea,Mesorostrine,Mesorostrine,Short_Narrow,Moderate,Moderate: Crocodylidae,'C_niloticus_1949 - 1-1-2.jpg'
Adult,three,Crocodylus,C. niloticus,2.75,Crocodyloidea,Crocodyloidea,Mesorostrine,Mesorostrine,Short_Narrow,Moderate,Moderate: Crocodylidae,'C_niloticus_1967-10-76.jpg'
Adult,three,Crocodylus,C. niloticus,2.75,Crocodyloidea,Crocodyloidea,Mesorostrine,Mesorostrine,Short_Narrow,Moderate,Moderate: Crocodylidae,'C_niloticus_1967-10.jpg'
Adult,three,Crocodylus,C. niloticus,2.75,Crocodyloidea,Crocodyloidea,Mesorostrine,Mesorostrine,Short_Narrow,Moderate,Moderate: Crocodylidae,'C_niloticus_1967-1075.jpg'
Adult,three,Crocodylus,C. niloticus,2.75,Crocodyloidea,Crocodyloidea,Mesorostrine,Mesorostrine,Short_Narrow,Moderate,Moderate: Crocodylidae,'C_niloticus_62-6-30-7.jpg'
Subadult,three,Crocodylus,C. niloticus,2.5,Crocodyloidea,Crocodyloidea,Mesorostrine,Mesorostrine,Short_Narrow,Moderate,Moderate: Crocodylidae,'C_niloticus_64-1-25-4.jpg'
Adult,three,Crocodylus,C. niloticus,2.5,Crocodyloidea,Crocodyloidea,Mesorostrine,Mesorostrine,Short_Narrow,Moderate,Moderate: Crocodylidae,'C_niloticus_64-8-8-12.jpg'
Subadult,three,Crocodylus,C. niloticus,2.5,Crocodyloidea,Crocodyloidea,Mesorostrine,Mesorostrine,Short_Narrow,Moderate,Moderate: Crocodylidae,'C_niloticus_82-3-7-1.jpg'
Subadult,three,Crocodylus,C. niloticus,2.5,Crocodyloidea,Crocodyloidea,Mesorostrine,Mesorostrine,Short_Narrow,Moderate,Moderate: Crocodylidae,'C_niloticus_89-9-20-1.jpg'
Adult,three,Crocodylus,C. niloticus,2.5,Crocodyloidea,Crocodyloidea,Mesorostrine,Mesorostrine,Short_Narrow,Moderate,Moderate: Crocodylidae,'C_niloticus_94-6-5-33.jpg'
Adult,three,Crocodylus,C. niloticus,2.5,Crocodyloidea,Crocodyloidea,Mesorostrine,Mesorostrine,Short_Narrow,Moderate,Moderate: Crocodylidae,'C_niloticus_97-6-24-1.jpg'
Subadult,three,Crocodylus,C. novaeguineae,2.5,Crocodyloidea,Crocodyloidea,Mesorostrine,Mesorostrine,Long_Narrow,Slender,Slender,'C_novaeguineae_86-5-20-1.jpg'
Juvenile,two,Crocodylus,C. novaeguineae,2.25,Crocodyloidea,Crocodyloidea,Mesorostrine,Mesorostrine,Long_Narrow,Slender,Slender,'C_novaeguineae_86-5-20-2.jpg'
Adult,three,Crocodylus,C. novaeguineae,2.75,Crocodyloidea,Crocodyloidea,Mesorostrine,Mesorostrine,Long_Narrow,Slender,Slender,'C_novaeguineae_USNM211290.jpg'
Subadult,three,Crocodylus,C. novaeguineae,2.5,Crocodyloidea,Crocodyloidea,Mesorostrine,Mesorostrine,Long_Narrow,Slender,Slender,'C_novaeguineae_USNM221301.jpg'
Subadult,three,Crocodylus,C. palustris,2.5,Crocodyloidea,Crocodyloidea,Mesorostrine,Mesorostrine,Short_Broad,Moderate,Moderate: Crocodylidae,'C_palustris_52-5-9-46.jpg'
Adult,three,Crocodylus,C. palustris,2.75,Crocodyloidea,Crocodyloidea,Mesorostrine,Mesorostrine,Short_Broad,Moderate,Moderate: Crocodylidae,'C_palustris_68-4-9-11.jpg'
Adult,three,Crocodylus,C. palustris,2.75,Crocodyloidea,Crocodyloidea,Mesorostrine,Mesorostrine,Short_Broad,Moderate,Moderate: Crocodylidae,'C_palustris_97-12-31-1.jpg'
Adult,three,Crocodylus,C. palustris,2.75,Crocodyloidea,Crocodyloidea,Mesorostrine,Mesorostrine,Short_Broad,Moderate,Moderate: Crocodylidae,'C_palustris_Presented by Capt Stokes RS.jpg'
Adult,three,Crocodylus,C. porosus,2.75,Crocodyloidea,Crocodyloidea,Mesorostrine,Mesorostrine,Short_Narrow,Moderate,Moderate: Crocodylidae,'C_porosus_1866 prest by D'Lalconer.jpg'
Subadult,three,Crocodylus,C. porosus,2.5,Crocodyloidea,Crocodyloidea,Mesorostrine,Mesorostrine,Short_Narrow,Moderate,Moderate: Crocodylidae,'C_porosus_1929-2-22-5.jpg'
Juvenile,two,Crocodylus,C. porosus,2.5,Crocodyloidea,Crocodyloidea,Mesorostrine,Mesorostrine,Short_Narrow,Moderate,Moderate: Crocodylidae,'C_porosus_1932-7-19-1.jpg'
Adult,three,Crocodylus,C. porosus,2.75,Crocodyloidea,Crocodyloidea,Mesorostrine,Mesorostrine,Short_Narrow,Moderate,Moderate: Crocodylidae,'C_porosus_1938-1-1-6.jpg'
Adult,three,Crocodylus,C. porosus,2.5,Crocodyloidea,Crocodyloidea,Mesorostrine,Mesorostrine,Short_Narrow,Moderate,Moderate: Crocodylidae,'C_porosus_1938-1-1-60.jpg'
Adult,three,Crocodylus,C. porosus,2.75,Crocodyloidea,Crocodyloidea,Mesorostrine,Mesorostrine,Short_Narrow,Moderate,Moderate: Crocodylidae,'C_porosus_43-8-18-4.jpg'
Adult,three,Crocodylus,C. porosus,2.75,Crocodyloidea,Crocodyloidea,Mesorostrine,Mesorostrine,Short_Narrow,Moderate,Moderate: Crocodylidae,'C_porosus_52-12-9-2.jpg'
Adult,three,Crocodylus,C. porosus,2.75,Crocodyloidea,Crocodyloidea,Mesorostrine,Mesorostrine,Short_Narrow,Moderate,Moderate: Crocodylidae,'C_porosus_64-9-11-1.jpg'
Adult,three,Crocodylus,C. porosus,2.75,Crocodyloidea,Crocodyloidea,Mesorostrine,Mesorostrine,Short_Narrow,Moderate,Moderate: Crocodylidae,'C_porosus_65-8-22-1.jpg'
Subadult,three,Crocodylus,C. porosus,2.5,Crocodyloidea,Crocodyloidea,Mesorostrine,Mesorostrine,Short_Narrow,Moderate,Moderate: Crocodylidae,'C_porosus_67-4-2-188.jpg'
Subadult,three,Crocodylus,C. porosus,2.5,Crocodyloidea,Crocodyloidea,Mesorostrine,Mesorostrine,Short_Narrow,Moderate,Moderate: Crocodylidae,'C_porosus_83-6-29-30.jpg'
Adult,three,Crocodylus,C. porosus,2.5,Crocodyloidea,Crocodyloidea,Mesorostrine,Mesorostrine,Short_Narrow,Moderate,Moderate: Crocodylidae,'C_porosus_97-12-31-2.jpg'
Juvenile,two,Crocodylus,C. porosus,2.25,Crocodyloidea,Crocodyloidea,Mesorostrine,Mesorostrine,Short_Narrow,Moderate,Moderate: Crocodylidae,'C_porosus_Gray a u r h 1862.jpg'
Adult,three,Crocodylus,C. porosus,2.75,Crocodyloidea,Crocodyloidea,Mesorostrine,Mesorostrine,Short_Narrow,Moderate,Moderate: Crocodylidae,'C_porosus_No ID.jpg'
Adult,three,Crocodylus,C. porosus,2.75,Crocodyloidea,Crocodyloidea,Mesorostrine,Mesorostrine,Short_Narrow,Moderate,Moderate: Crocodylidae,'C_porosus_North Bornes.jpg'
Subadult,three,Crocodylus,C. porosus,2.5,Crocodyloidea,Crocodyloidea,Mesorostrine,Mesorostrine,Short_Narrow,Moderate,Moderate: Crocodylidae,'C_porosus_RCS727.jpg'
Hatchling,two,Crocodylus,C. rhombifer,1.75,Crocodyloidea,Crocodyloidea,Mesorostrine,Mesorostrine,Short_Broad,Moderate,Moderate: Crocodylidae,'C_rhombifer_ZUF047_Dorsal.jpg'
Mid-Stage Embryo,one,Crocodylus,C. siamensis,1.5,Crocodyloidea,Crocodyloidea,Mesorostrine,Mesorostrine,Short_Broad,Moderate,Moderate: Crocodylidae,'C_saimensis_stage23_Dorsal.jpg'
Late-Stage Embryo,one,Crocodylus,C. siamensis,1.5,Crocodyloidea,Crocodyloidea,Mesorostrine,Mesorostrine,Short_Broad,Moderate,Moderate: Crocodylidae,'C_saimensis_stage25_Dorsal.jpg'
Late-Stage Embryo,one,Crocodylus,C. siamensis,1.5,Crocodyloidea,Crocodyloidea,Mesorostrine,Mesorostrine,Short_Broad,Moderate,Moderate: Crocodylidae,'C_saimensis_stage27_Dorsal.jpg'
Subadult,three,Crocodylus,C. siamensis,2.5,Crocodyloidea,Crocodyloidea,Mesorostrine,Mesorostrine,Short_Broad,Moderate,Moderate: Crocodylidae,'C_siamensis_1920-1-20-1626.jpg'
Adult,three,Crocodylus,C. siamensis,2.5,Crocodyloidea,Crocodyloidea,Mesorostrine,Mesorostrine,Short_Broad,Moderate,Moderate: Crocodylidae,'C_siamensis_1921-4-1-168.jpg'
Adult,three,Crocodylus,C. siamensis,2.75,Crocodyloidea,Crocodyloidea,Mesorostrine,Mesorostrine,Short_Broad,Moderate,Moderate: Crocodylidae,'C_siamensis_1921-4-1-171.jpg'
Adult,three,Crocodylus,C. siamensis,2.5,Crocodyloidea,Crocodyloidea,Mesorostrine,Mesorostrine,Short_Broad,Moderate,Moderate: Crocodylidae,'C_siamensis_1929-11-23-1.jpg'
Hatchling,two,Crocodylus,C. niloticus,1.75,Crocodyloidea,Crocodyloidea,Mesorostrine,Mesorostrine,Short_Narrow,Moderate,Moderate: Crocodylidae,'C_suchus_ZUF001_Dorsal.jpg'
Hatchling,two,Caiman,Caiman crocodilus,1.75,Alligatoroidea,Alligatoroidea,Brevirostine,Mesorostrine,Short_Broad,Blunt,Blunt,'Caiman_crocodylus_ZUF006_Dorsal.jpg'
Subadult,three,Caiman,Caiman latirostris,2.25,Alligatoroidea,Alligatoroidea,Brevirostine,Brevirostine,Short_Broad,Blunt,Blunt,'Caiman_latirostris_1862 for 328.jpg'
Adult,three,Caiman,Caiman latirostris,2.25,Alligatoroidea,Alligatoroidea,Brevirostine,Brevirostine,Short_Broad,Blunt,Blunt,'Caiman_latirostris_86-10-4-3.jpg'
Subadult,three,Caiman,Caiman latirostris,2.25,Alligatoroidea,Alligatoroidea,Brevirostine,Brevirostine,Short_Broad,Blunt,Blunt,'Caiman_latirostris_Gray 1862 for 328.jpg'
Adult,three,Caiman,Caiman latirostris,2.25,Alligatoroidea,Alligatoroidea,Brevirostine,Brevirostine,Short_Broad,Blunt,Blunt,'Caiman_latirostris_Speimen 2 of Gray 1873.jpg'
Hatchling,two,Caiman,Caiman latirostris,1.5,Alligatoroidea,Alligatoroidea,Brevirostine,Brevirostine,Short_Broad,Blunt,Blunt,'Caiman_latirostris_ZUF004_Dorsal.jpg'
Late-Stage Embryo,one,Caiman,Caiman latirostris,1.25,Alligatoroidea,Alligatoroidea,Brevirostine,Brevirostine,Short_Broad,Blunt,Blunt,'Caiman_latirostris_ZUF005_Dorsal.jpg'
Adult,three,Caiman,Caiman latirostris,2.5,Alligatoroidea,Alligatoroidea,Brevirostine,Brevirostine,Short_Broad,Blunt,Blunt,'Caiman_latrirostris_86-10-4-2.jpg'
Subadult,three,Caiman,Caiman yacare,2.5,Alligatoroidea,Alligatoroidea,Brevirostine,Mesorostrine,Short_Broad,Blunt,Blunt,'Caiman_yacare_USNM281809.jpg'
Subadult,three,Caiman,Caiman yacare,2.5,Alligatoroidea,Alligatoroidea,Brevirostine,Mesorostrine,Short_Broad,Blunt,Blunt,'Caiman_yacare_USNM281810.jpg'
Subadult,three,Caiman,Caiman yacare,2.5,Alligatoroidea,Alligatoroidea,Brevirostine,Mesorostrine,Short_Broad,Blunt,Blunt,'Caiman_yacare_USNM281827.jpg'
Subadult,three,Caiman,Caiman yacare,2.5,Alligatoroidea,Alligatoroidea,Brevirostine,Mesorostrine,Short_Broad,Blunt,Blunt,'Caiman_yacare_USNM281836.jpg'
Adult,three,Gavialis,G. gangeticus,3,Gavialoidea,Gavialoidea,Longirostrine,Longirostrine,Long_Broad,Slender,Slender,'G_gangeticus.jpg'
Subadult,three,Gavialis,G. gangeticus,2.75,Gavialoidea,Gavialoidea,Longirostrine,Longirostrine,Long_Broad,Slender,Slender,'G_gangeticus_1935-6-4-1.jpg'
Adult,three,Gavialis,G. gangeticus,2.75,Gavialoidea,Gavialoidea,Longirostrine,Longirostrine,Long_Broad,Slender,Slender,'G_gangeticus_1974-3009.jpg'
Subadult,three,Gavialis,G. gangeticus,2.5,Gavialoidea,Gavialoidea,Longirostrine,Longirostrine,Long_Broad,Slender,Slender,'G_gangeticus_46-1-7-3.jpg'
Juvenile,two,Gavialis,G. gangeticus,2.5,Gavialoidea,Gavialoidea,Longirostrine,Longirostrine,Long_Broad,Slender,Slender,'G_gangeticus_found w 96-7-7-4.jpg'
Subadult,three,Gavialis,G. gangeticus,2.75,Gavialoidea,Gavialoidea,Longirostrine,Longirostrine,Long_Broad,Slender,Slender,'G_gangeticus_Specimen 5 of Gray 1873.jpg'
Adult,three,Gavialis,G. gangeticus,2.75,Gavialoidea,Gavialoidea,Longirostrine,Longirostrine,Long_Broad,Slender,Slender,'G_gangeticus_specimen presented by.jpg'
Subadult,three,Mecistops,M. cataphractus,2.75,Crocodyloidea,Crocodyloidea,Longirostrine,Longirostrine,Long_Narrow,Slender,Slender,'M_cataphractus_1900-2-27-1.jpg'
Subadult,three,Mecistops,M. cataphractus,2.5,Crocodyloidea,Crocodyloidea,Longirostrine,Longirostrine,Long_Narrow,Slender,Slender,'M_cataphractus_1904-9-9-2.jpg'
Adult,three,Mecistops,M. cataphractus,2.75,Crocodyloidea,Crocodyloidea,Longirostrine,Longirostrine,Long_Narrow,Slender,Slender,'M_cataphractus_1924-5-10.jpg'
Adult,three,Mecistops,M. cataphractus,2.75,Crocodyloidea,Crocodyloidea,Longirostrine,Longirostrine,Long_Narrow,Slender,Slender,'M_cataphractus_1934-10-24-2.jpg'
Juvenile,two,Mecistops,M. cataphractus,2.5,Crocodyloidea,Crocodyloidea,Longirostrine,Longirostrine,Long_Narrow,Slender,Slender,'M_cataphractus_1934-10-24-3.jpg'
Adult,three,Mecistops,M. cataphractus,2.75,Crocodyloidea,Crocodyloidea,Longirostrine,Longirostrine,Long_Narrow,Slender,Slender,'M_cataphractus_62-6-30-8.jpg'
Subadult,three,Mecistops,M. cataphractus,2.75,Crocodyloidea,Crocodyloidea,Longirostrine,Longirostrine,Long_Narrow,Slender,Slender,'M_cataphractus_64-4-6-1.jpg'
Subadult,three,Mecistops,M. cataphractus,2.5,Crocodyloidea,Crocodyloidea,Longirostrine,Longirostrine,Long_Narrow,Slender,Slender,'M_cataphractus_86-12-30-2.jpg'
Adult,three,Mecistops,M. cataphractus,2.75,Crocodyloidea,Crocodyloidea,Longirostrine,Longirostrine,Long_Narrow,Slender,Slender,'M_cataphractus_No ID.jpg'
Adult,three,Melanosuchus,Melanosuchus niger,2.75,Alligatoroidea,Alligatoroidea,Mesorostrine,Mesorostrine,Short_Broad,Blunt,Blunt,'Melanosuchus_niger_45-8-25-125.jpg'
Adult,three,Melanosuchus,Melanosuchus niger,2.5,Alligatoroidea,Alligatoroidea,Mesorostrine,Mesorostrine,Short_Broad,Blunt,Blunt,'Melanosuchus_niger_No ID.jpg'
Subadult,three,Melanosuchus,Melanosuchus niger,2.25,Alligatoroidea,Alligatoroidea,Mesorostrine,Mesorostrine,Short_Broad,Blunt,Blunt,'Melanosuchus_niger_Y2-6-4-1.jpg'
Juvenile,two,Osteolaemus,O. tetraspis,2,Crocodyloidea,Crocodyloidea,Brevirostine,Brevirostine,Short_Broad,Blunt,Blunt,'O_tetraspis_61-3-20-8.jpg'
Subadult,three,Osteolaemus,O. tetraspis,2.5,Crocodyloidea,Crocodyloidea,Brevirostine,Brevirostine,Short_Broad,Blunt,Blunt,'O_tetraspis_62-6-30-5.jpg'
Hatchling,two,Osteolaemus,O. tetraspis,1.5,Crocodyloidea,Crocodyloidea,Brevirostine,Brevirostine,Short_Broad,Blunt,Blunt,'O_tetraspis_Dorsal.jpg'
Adult,three,Melanosuchus,Melanosuchus niger,2.5,Alligatoroidea,Alligatoroidea,Mesorostrine,Mesorostrine,Short_Broad,Blunt,Blunt,'P_palpebrosus_45-8-25-126.jpg'
Adult,three,Paleosuchus,P. trigonatus,2.5,Alligatoroidea,Alligatoroidea,Brevirostine,Brevirostine,Short_Narrow,Moderate,Moderate: Alligatoridae,'P_trigonatus_68-10-8-1.jpg'
Subadult,three,Paleosuchus,P. trigonatus,2.25,Alligatoroidea,Alligatoroidea,Brevirostine,Brevirostine,Short_Narrow,Moderate,Moderate: Alligatoridae,'P_trigonatus_USNM213705.jpg'
Juvenile,two,Paleosuchus,P. trigonatus,2.25,Alligatoroidea,Alligatoroidea,Brevirostine,Brevirostine,Short_Narrow,Moderate,Moderate: Alligatoridae,'P_trigonatus_USNM234047.jpg'
Subadult,three,Paleosuchus,P. trigonatus,2.5,Alligatoroidea,Alligatoroidea,Brevirostine,Brevirostine,Short_Narrow,Moderate,Moderate: Alligatoridae,'P_trigonatus_USNM317555.jpg'
Subadult,three,Tomistoma,T. schlegelii,2.5,Crocodyloidea,Gavialoidea,Longirostrine,Longirostrine,Long_Narrow,Slender,Slender,'T_schelgelii_99-1-31-1.jpg'
Adult,three,Tomistoma,T. schlegelii,2.75,Crocodyloidea,Gavialoidea,Longirostrine,Longirostrine,Long_Narrow,Slender,Slender,'T_schlegelii_48-10-31-19.jpg'
Adult,three,Tomistoma,T. schlegelii,2.75,Crocodyloidea,Gavialoidea,Longirostrine,Longirostrine,Long_Narrow,Slender,Slender,'T_schlegelii_60-11-6-8.jpg'
Adult,three,Tomistoma,T. schlegelii,2.75,Crocodyloidea,Gavialoidea,Longirostrine,Longirostrine,Long_Narrow,Slender,Slender,'T_schlegelii_No ID.jpg'
Late-Stage Embryo,one,Gavialis,G. gangeticus,1.5,Gavialoidea,Gavialoidea,Longirostrine,Longirostrine,Long_Broad,Slender,Slender,'gavialis_44-2-2-116b_dorsal.jpg'
Late-Stage Embryo,one,Gavialis,G. gangeticus,1.5,Gavialoidea,Gavialoidea,Longirostrine,Longirostrine,Long_Broad,Slender,Slender,'gavialis_44-2-2-116a_dorsal.jpg'
Late-Stage Embryo,one,Alligator,A. mississippiensis,1.5,Alligatoroidea,Alligatoroidea,Mesorostrine,Mesorostrine,Short_Narrow,Moderate,Moderate: Alligatoridae,'A_miss_oldest_dorsal.tif'
Mid-Stage Embryo,one,Crocodylus,C. moreletii,1.5,Crocodyloidea,Crocodyloidea,Mesorostrine,Mesorostrine,Short_Broad,Moderate,Moderate: Crocodylidae,'C_moreletti_1633a_dorsal_flatpalate.tif'
Mid-Stage Embryo,one,Crocodylus,C. moreletii,1.5,Crocodyloidea,Crocodyloidea,Mesorostrine,Mesorostrine,Short_Broad,Moderate,Moderate: Crocodylidae,'C_moreletti_1633d_dorsal_palateflat.jpg'
Mid-Stage Embryo,one,Crocodylus,C. moreletii,1.5,Crocodyloidea,Crocodyloidea,Mesorostrine,Mesorostrine,Short_Broad,Moderate,Moderate: Crocodylidae,'C_moreletti_1633g_dorsal.tif'
Late-Stage Embryo,one,Crocodylus,C. moreletii,1.5,Crocodyloidea,Crocodyloidea,Mesorostrine,Mesorostrine,Short_Broad,Moderate,Moderate: Crocodylidae,'C_moreletti_1633o_dorsal.tif'
Late-Stage Embryo,one,Crocodylus,C. moreletii,1.5,Crocodyloidea,Crocodyloidea,Mesorostrine,Mesorostrine,Short_Broad,Moderate,Moderate: Crocodylidae,'C_moreletti_1651_dorsal.tif'
Late-Stage Embryo,one,Crocodylus,C. moreletii,1.5,Crocodyloidea,Crocodyloidea,Mesorostrine,Mesorostrine,Short_Broad,Moderate,Moderate: Crocodylidae,'C_moreletti_1653_dorsal.tif'
Late-Stage Embryo,one,Crocodylus,C. moreletii,1.5,Crocodyloidea,Crocodyloidea,Mesorostrine,Mesorostrine,Short_Broad,Moderate,Moderate: Crocodylidae,'C_moreletti_2585_dorsal_palateflat.jpg'
Mid-Stage Embryo,one,Osteolaemus,O. tetraspis,1.5,Crocodyloidea,Crocodyloidea,Brevirostine,Brevirostine,Short_Broad,Blunt,Blunt,'O_tetraspis_e71_dorsal_palateflat.jpg'
Late-Stage Embryo,one,Alligator,A. sinensis,1.5,Alligatoroidea,Alligatoroidea,Brevirostine,Brevirostine,Short_Narrow,Moderate,Moderate: Alligatoridae,'ZUF_028_dorsal_flatst.jpg'
Late-Stage Embryo,one,Alligator,A. sinensis,1.5,Alligatoroidea,Alligatoroidea,Brevirostine,Brevirostine,Short_Narrow,Moderate,Moderate: Alligatoridae,'ZUF_029_dorsal_flatst.jpg'
Late-Stage Embryo,one,Alligator,A. sinensis,1.5,Alligatoroidea,Alligatoroidea,Brevirostine,Brevirostine,Short_Narrow,Moderate,Moderate: Alligatoridae,'ZUF_031_dorsal_flatst.jpg'
Late-Stage Embryo,one,Alligator,A. sinensis,1.5,Alligatoroidea,Alligatoroidea,Brevirostine,Brevirostine,Short_Narrow,Moderate,Moderate: Alligatoridae,'ZUF_032_dorsal_flatst.jpg'
Late-Stage Embryo,one,Alligator,A. sinensis,1.5,Alligatoroidea,Alligatoroidea,Brevirostine,Brevirostine,Short_Narrow,Moderate,Moderate: Alligatoridae,'ZUF_034_dorsal_flatst.jpg'
Late-Stage Embryo,one,Alligator,A. sinensis,1.5,Alligatoroidea,Alligatoroidea,Brevirostine,Brevirostine,Short_Narrow,Moderate,Moderate: Alligatoridae,'ZUF_035_dorsal_flatst.jpg'
Late-Stage Embryo,one,Alligator,A. sinensis,1.5,Alligatoroidea,Alligatoroidea,Brevirostine,Brevirostine,Short_Narrow,Moderate,Moderate: Alligatoridae,'ZUF_036_dorsal_flatst.jpg'
Late-Stage Embryo,one,Alligator,A. sinensis,1.5,Alligatoroidea,Alligatoroidea,Brevirostine,Brevirostine,Short_Narrow,Moderate,Moderate: Alligatoridae,'ZUF_037_dorsal_flatst.jpg'
Late-Stage Embryo,one,Alligator,A. sinensis,1.5,Alligatoroidea,Alligatoroidea,Brevirostine,Brevirostine,Short_Narrow,Moderate,Moderate: Alligatoridae,'ZUF_038_dorsal_flatst.jpg'
Mid-Stage Embryo,one,Alligator,A. mississippiensis,1.5,Alligatoroidea,Alligatoroidea,Mesorostrine,Mesorostrine,Short_Narrow,Moderate,Moderate: Alligatoridae,'A_mississippiensis_E32_1_dorsal.tif'
Mid-Stage Embryo,one,Alligator,A. mississippiensis,1.5,Alligatoroidea,Alligatoroidea,Mesorostrine,Mesorostrine,Short_Narrow,Moderate,Moderate: Alligatoridae,'A_mississippiensis_E37_1_dorsal.tif'
Mid-Stage Embryo,one,Alligator,A. mississippiensis,1.5,Alligatoroidea,Alligatoroidea,Mesorostrine,Mesorostrine,Short_Narrow,Moderate,Moderate: Alligatoridae,'A_mississippiensis_E37_2_dorsal.tif'
Mid-Stage Embryo,one,Alligator,A. mississippiensis,1.5,Alligatoroidea,Alligatoroidea,Mesorostrine,Mesorostrine,Short_Narrow,Moderate,Moderate: Alligatoridae,'A_mississippiensis_E42_2_dorsal.tif'
Mid-Stage Embryo,one,Alligator,A. mississippiensis,1.5,Alligatoroidea,Alligatoroidea,Mesorostrine,Mesorostrine,Short_Narrow,Moderate,Moderate: Alligatoridae,'A_mississippiensis_E46_1_dorsal.tif'
Late-Stage Embryo,one,Alligator,A. mississippiensis,1.5,Alligatoroidea,Alligatoroidea,Mesorostrine,Mesorostrine,Short_Narrow,Moderate,Moderate: Alligatoridae,'A_mississippiensis_E50_2_dorsal.tif'
Late-Stage Embryo,one,Alligator,A. mississippiensis,1.5,Alligatoroidea,Alligatoroidea,Mesorostrine,Mesorostrine,Short_Narrow,Moderate,Moderate: Alligatoridae,'A_mississippiensis_E70_1_dorsal.tif'
Subadult,three,Alligator,A. mississippiensis,2.5,Alligatoroidea,Alligatoroidea,Mesorostrine,Mesorostrine,Short_Narrow,Moderate,Moderate: Alligatoridae,'A_mississippiensis_UCMP_131080_dorsal_merged.jpg'
Hatchling,two,Alligator,A. sinensis,1.5,Alligatoroidea,Alligatoroidea,Brevirostine,Brevirostine,Short_Narrow,Moderate,Moderate: Alligatoridae,'A_sinensis_ZUF042_dorsal.tif'
Hatchling,two,Alligator,A. sinensis,1.5,Alligatoroidea,Alligatoroidea,Brevirostine,Brevirostine,Short_Narrow,Moderate,Moderate: Alligatoridae,'A_sinensis_ZUF043_dorsal.tif'
Mid-Stage Embryo,one,Crocodylus,C. moreletii,1.5,Crocodyloidea,Crocodyloidea,Mesorostrine,Mesorostrine,Short_Broad,Moderate,Moderate: Crocodylidae,'C_moreletti_1633e_dorsal.tif'
Mid-Stage Embryo,one,Crocodylus,C. moreletii,1.5,Crocodyloidea,Crocodyloidea,Mesorostrine,Mesorostrine,Short_Broad,Moderate,Moderate: Crocodylidae,'C_moreletti_1633h_dorsal.tif'
Mid-Stage Embryo,one,Crocodylus,C. moreletii,1.5,Crocodyloidea,Crocodyloidea,Mesorostrine,Mesorostrine,Short_Broad,Moderate,Moderate: Crocodylidae,'C_moreletti_1633i_dorsal.tif'
Late-Stage Embryo,one,Crocodylus,C. moreletii,1.5,Crocodyloidea,Crocodyloidea,Mesorostrine,Mesorostrine,Short_Broad,Moderate,Moderate: Crocodylidae,'C_moreletti_1633j_dorsal.tif'
Mid-Stage Embryo,one,Crocodylus,C. moreletii,1.5,Crocodyloidea,Crocodyloidea,Mesorostrine,Mesorostrine,Short_Broad,Moderate,Moderate: Crocodylidae,'C_moreletti_1633k_dorsal.tif'
Mid-Stage Embryo,one,Crocodylus,C. moreletii,1.5,Crocodyloidea,Crocodyloidea,Mesorostrine,Mesorostrine,Short_Broad,Moderate,Moderate: Crocodylidae,'C_moreletti_1633l_dorsal.tif'
Hatchling,two,Crocodylus,C. niloticus,1.5,Crocodyloidea,Crocodyloidea,Mesorostrine,Mesorostrine,Short_Narrow,Moderate,Moderate: Crocodylidae,'C_niloticus_1910_3_15_1_dorsal.tif'
Subadult,three,Crocodylus,C. niloticus,1.5,Crocodyloidea,Crocodyloidea,Mesorostrine,Mesorostrine,Short_Narrow,Moderate,Moderate: Crocodylidae,'C_niloticus_UCMP_137149_688.JPG'
Subadult,three,Crocodylus,C. niloticus,2.5,Crocodyloidea,Crocodyloidea,Mesorostrine,Mesorostrine,Short_Narrow,Moderate,Moderate: Crocodylidae,'C_niloticus_UCMP_140795_632.JPG'
Subadult,three,Crocodylus,C. niloticus,2.5,Crocodyloidea,Crocodyloidea,Mesorostrine,Mesorostrine,Short_Narrow,Moderate,Moderate: Crocodylidae,'C_niloticus_UCMP_140796_609.JPG'
Late-Stage Embryo,one,Crocodylus,C. novaeguineae,1.5,Crocodyloidea,Crocodyloidea,Mesorostrine,Mesorostrine,Long_Narrow,Slender,Slender,'C_novaguineae_ZUF025_dorsal_flatpalate.tif'
Late-Stage Embryo,one,Crocodylus,C. novaeguineae,1.5,Crocodyloidea,Crocodyloidea,Mesorostrine,Mesorostrine,Long_Narrow,Slender,Slender,'C_novaguineae_ZUF026_dorsal.tif'
Late-Stage Embryo,one,Crocodylus,C. novaeguineae,1.5,Crocodyloidea,Crocodyloidea,Mesorostrine,Mesorostrine,Long_Narrow,Slender,Slender,'C_novaguineae_ZUF027_dorsal.tif'
Hatchling,two,Crocodylus,C. palustris,1.5,Crocodyloidea,Crocodyloidea,Mesorostrine,Mesorostrine,Short_Broad,Moderate,Moderate: Crocodylidae,'C_palustris_1905_3_25_1_dorsal.tif'
Late-Stage Embryo,one,Crocodylus,C. palustris,1.5,Crocodyloidea,Crocodyloidea,Mesorostrine,Mesorostrine,Short_Broad,Moderate,Moderate: Crocodylidae,'C_palustris_1934_11_9_5_dorsal.tif'
Subadult,three,Crocodylus,C. porosus,2.5,Crocodyloidea,Crocodyloidea,Mesorostrine,Mesorostrine,Short_Narrow,Moderate,Moderate: Crocodylidae,'C_porosus_UCMP_123090_dorsal_merged.jpg'
Hatchling,two,Crocodylus,C. porosus,1.5,Crocodyloidea,Crocodyloidea,Mesorostrine,Mesorostrine,Short_Narrow,Moderate,Moderate: Crocodylidae,'C_porosus_ZUF045_dorsal.tif'
Subadult,three,Crocodylus,C. rhombifer,2.5,Crocodyloidea,Crocodyloidea,Mesorostrine,Mesorostrine,Short_Broad,Moderate,Moderate: Crocodylidae,'C_rhombifer_UCMP_81703_dorsalmerged.jpg'
Hatchling,two,Crocodylus,C. rhombifer,1.5,Crocodyloidea,Crocodyloidea,Mesorostrine,Mesorostrine,Short_Broad,Moderate,Moderate: Crocodylidae,'C_rhombifer_ZUF046_dorsal.tif'
Hatchling,two,Crocodylus,C. rhombifer,1.5,Crocodyloidea,Crocodyloidea,Mesorostrine,Mesorostrine,Short_Broad,Moderate,Moderate: Crocodylidae,'C_rhombifer_ZUF048_dorsal.tif'
Late-Stage Embryo,one,Crocodylus,C. siamensis,1.5,Crocodyloidea,Crocodyloidea,Mesorostrine,Mesorostrine,Short_Broad,Moderate,Moderate: Crocodylidae,'C_siamensis_ZUF014_dorsal.tif'
Late-Stage Embryo,one,Crocodylus,C. siamensis,1.5,Crocodyloidea,Crocodyloidea,Mesorostrine,Mesorostrine,Short_Broad,Moderate,Moderate: Crocodylidae,'C_siamensis_ZUF017_dorsal_flatpalate.tif'
Mid-Stage Embryo,one,Crocodylus,C. siamensis,1.5,Crocodyloidea,Crocodyloidea,Mesorostrine,Mesorostrine,Short_Broad,Moderate,Moderate: Crocodylidae,'C_siamensis_ZUF020_dorsal_flatpalate.tif'
Mid-Stage Embryo,one,Crocodylus,C. siamensis,1.5,Crocodyloidea,Crocodyloidea,Mesorostrine,Mesorostrine,Short_Broad,Moderate,Moderate: Crocodylidae,'C_siamensis_ZUF021_dorsal_flatpalate.tif'
Mid-Stage Embryo,one,Crocodylus,C. siamensis,1.5,Crocodyloidea,Crocodyloidea,Mesorostrine,Mesorostrine,Short_Broad,Moderate,Moderate: Crocodylidae,'C_siamensis_ZUF022_dorsal_flatpalate.tif'
Mid-Stage Embryo,one,Crocodylus,C. siamensis,1.5,Crocodyloidea,Crocodyloidea,Mesorostrine,Mesorostrine,Short_Broad,Moderate,Moderate: Crocodylidae,'C_siamensis_ZUF023_dorsal.tif'
Hatchling,two,Crocodylus,C. siamensis,1.5,Crocodyloidea,Crocodyloidea,Mesorostrine,Mesorostrine,Short_Broad,Moderate,Moderate: Crocodylidae,'C_siamensis_ZUF039_dorsal.tif'
Hatchling,two,Crocodylus,C. siamensis,1.5,Crocodyloidea,Crocodyloidea,Mesorostrine,Mesorostrine,Short_Broad,Moderate,Moderate: Crocodylidae,'C_siamensis_ZUF040_dorsal.tif'
Hatchling,two,Crocodylus,C. siamensis,1.5,Crocodyloidea,Crocodyloidea,Mesorostrine,Mesorostrine,Short_Broad,Moderate,Moderate: Crocodylidae,'C_siamensis_ZUF041_dorsal.tif'
Mid-Stage Embryo,one,Caiman,Caiman crocodilus,1.5,Alligatoroidea,Alligatoroidea,Brevirostine,Mesorostrine,Short_Broad,Blunt,Blunt,'Caiman_crocodilus_1898_10_11_1&2_cranium1_dorsal.tif'
Mid-Stage Embryo,one,Caiman,Caiman crocodilus,1.5,Alligatoroidea,Alligatoroidea,Brevirostine,Mesorostrine,Short_Broad,Blunt,Blunt,'Caiman_crocodilus_1898_10_11_1&2_cranium2_dorsal.tif'
Juvenile,two,Caiman,Caiman crocodilus,2,Alligatoroidea,Alligatoroidea,Brevirostine,Mesorostrine,Short_Broad,Blunt,Blunt,'Caiman_crocodilus_sclerops_UCMP_138038_dorsal_merged.jpg'
Subadult,three,Caiman,Caiman crocodilus,2.5,Alligatoroidea,Alligatoroidea,Brevirostine,Mesorostrine,Short_Broad,Blunt,Blunt,'Caiman_crocodilus_UCMP_123095_740.JPG'
Juvenile,two,Caiman,Caiman crocodilus,2,Alligatoroidea,Alligatoroidea,Brevirostine,Mesorostrine,Short_Broad,Blunt,Blunt,'Caiman_crocodilus_UCMP_123096_797.JPG'
Juvenile,two,Caiman,Caiman crocodilus,2,Alligatoroidea,Alligatoroidea,Brevirostine,Mesorostrine,Short_Broad,Blunt,Blunt,'Caiman_crocodilus_UCMP_123097_dorsal_merged.jpg'
Subadult,three,Caiman,Caiman crocodilus,2.5,Alligatoroidea,Alligatoroidea,Brevirostine,Mesorostrine,Short_Broad,Blunt,Blunt,'Caiman_crocodilus_UCMP_42843_693.JPG'
Late-Stage Embryo,one,Caiman,Caiman crocodilus,1.5,Alligatoroidea,Alligatoroidea,Brevirostine,Mesorostrine,Short_Broad,Blunt,Blunt,'Caiman_crocodilus_ZUF058_dorsal.tif'
Late-Stage Embryo,one,Caiman,Caiman latirostris,1.5,Alligatoroidea,Alligatoroidea,Brevirostine,Brevirostine,Short_Broad,Blunt,Blunt,'Caiman_latirostris_ZUF057_dorsal.tif'
Hatchling,two,Caiman,Caiman crocodilus,1.5,Alligatoroidea,Alligatoroidea,Brevirostine,Mesorostrine,Short_Broad,Blunt,Blunt,'Caiman_sclerops_1931_10_18_185_dorsal.tif'
Juvenile,two,Caiman,Caiman crocodilus,2,Alligatoroidea,Alligatoroidea,Brevirostine,Mesorostrine,Short_Broad,Blunt,Blunt,'Caiman_sclerops_apaporiensis_UCMP_42842_dorsal_merged.jpg'
Adult,three,Caiman,Caiman crocodilus,3.5,Alligatoroidea,Alligatoroidea,Brevirostine,Mesorostrine,Short_Broad,Blunt,Blunt,'Caiman_sclerops_apaporiensis_UCMP_42844_664.JPG'
Juvenile,two,Caiman,Caiman crocodilus,2,Alligatoroidea,Alligatoroidea,Brevirostine,Mesorostrine,Short_Broad,Blunt,Blunt,'Caiman_sclerops_UCMP_123098_dorsal_merged.jpg'
Late-Stage Embryo,one,Caiman,Caiman yacare,1.5,Alligatoroidea,Alligatoroidea,Brevirostine,Mesorostrine,Short_Broad,Blunt,Blunt,'Caiman_yacare_1962_4_dorsal.tif'
Mid-Stage Embryo,one,Gavialis,G. gangeticus,1.5,Gavialoidea,Gavialoidea,Longirostrine,Longirostrine,Long_Broad,Slender,Slender,'G_gangeticus_ZUF049_dorsal.tif'
Hatchling,two,Gavialis,G. gangeticus,1.5,Gavialoidea,Gavialoidea,Longirostrine,Longirostrine,Long_Broad,Slender,Slender,'Gavialis_49_9_6_2_dorsal.tif'
Hatchling,two,Gavialis,G. gangeticus,1.5,Gavialoidea,Gavialoidea,Longirostrine,Longirostrine,Long_Broad,Slender,Slender,'Gavialis_J_dorsal.tif'
Hatchling,two,Mecistops,M. cataphractus,1.5,Crocodyloidea,Crocodyloidea,Longirostrine,Longirostrine,Long_Narrow,Slender,Slender,'M_cataphractus_1908_5_24_4_dorsal.tif'
Mid-Stage Embryo,one,Mecistops,M. cataphractus,1.5,Crocodyloidea,Crocodyloidea,Longirostrine,Longirostrine,Long_Narrow,Slender,Slender,'M_cataphractus_1953_1_11_30_dorsal.tif'
Adult,three,Melanosuchus,Melanosuchus niger,3.5,Alligatoroidea,Alligatoroidea,Mesorostrine,Mesorostrine,Short_Broad,Blunt,Blunt,'Melanosuchus_YPM_R_11458_583.JPG'
Late-Stage Embryo,one,Osteolaemus,O. tetraspis,1.5,Crocodyloidea,Crocodyloidea,Brevirostine,Brevirostine,Short_Broad,Blunt,Blunt,'O_tetraspis_ZUF050_dorsal.tif'
Late-Stage Embryo,one,Osteolaemus,O. tetraspis,1.5,Crocodyloidea,Crocodyloidea,Brevirostine,Brevirostine,Short_Broad,Blunt,Blunt,'O_tetraspis_ZUF051_dorsal.tif'
Late-Stage Embryo,one,Osteolaemus,O. tetraspis,1.5,Crocodyloidea,Crocodyloidea,Brevirostine,Brevirostine,Short_Broad,Blunt,Blunt,'O_tetraspis_ZUF052_dorsal.tif'
Hatchling,two,Osteolaemus,O. tetraspis,1.5,Crocodyloidea,Crocodyloidea,Brevirostine,Brevirostine,Short_Broad,Blunt,Blunt,'Osteolaemus_1912_6_11_1_dorsal.tif'
Hatchling,two,Osteolaemus,O. tetraspis,1.5,Crocodyloidea,Crocodyloidea,Brevirostine,Brevirostine,Short_Broad,Blunt,Blunt,'Osteolaemus_1971_236_dorsal.tif'
Mid-Stage Embryo,one,Osteolaemus,O. tetraspis,1.5,Crocodyloidea,Crocodyloidea,Brevirostine,Brevirostine,Short_Broad,Blunt,Blunt,'Osteolaemus_ZOT_002_dorsal.tif'
Late-Stage Embryo,one,Osteolaemus,O. tetraspis,1.5,Crocodyloidea,Crocodyloidea,Brevirostine,Brevirostine,Short_Broad,Blunt,Blunt,'Osteolaemus_ZOT_003_dorsal.tif'
Late-Stage Embryo,one,Osteolaemus,O. tetraspis,1.5,Crocodyloidea,Crocodyloidea,Brevirostine,Brevirostine,Short_Broad,Blunt,Blunt,'Osteolaemus_ZOT_004_dorsal.tif'
Late-Stage Embryo,one,Paleosuchus,P. palpebrosus,1.5,Alligatoroidea,Alligatoroidea,Brevirostine,Brevirostine,Short_Broad,Moderate,Moderate: Alligatoridae,'P_palpebrosus_COTW1_6_cranium1_dorsal.tif'
Late-Stage Embryo,one,Paleosuchus,P. palpebrosus,1.5,Alligatoroidea,Alligatoroidea,Brevirostine,Brevirostine,Short_Broad,Moderate,Moderate: Alligatoridae,'P_palpebrosus_COTW1_6_cranium2_dorsal.tif'
Hatchling,two,Paleosuchus,P. trigonatus,1.5,Alligatoroidea,Alligatoroidea,Brevirostine,Brevirostine,Short_Narrow,Moderate,Moderate: Alligatoridae,'P_trigonatus_69_5_21_30_dorsal.tif'
Late-Stage Embryo,one,Paleosuchus,P. trigonatus,1.5,Alligatoroidea,Alligatoroidea,Brevirostine,Brevirostine,Short_Narrow,Moderate,Moderate: Alligatoridae,'P_trigonatus_ZUF053_dorsal.tif'
Late-Stage Embryo,one,Paleosuchus,P. trigonatus,1.5,Alligatoroidea,Alligatoroidea,Brevirostine,Brevirostine,Short_Narrow,Moderate,Moderate: Alligatoridae,'P_trigonatus_ZUF054_dorsal.tif'
Hatchling,two,Tomistoma,T. schlegelii,1.5,Crocodyloidea,Gavialoidea,Longirostrine,Longirostrine,Long_Narrow,Slender,Slender,'Tomistoma_1863_10_4_1_dorsal.tif'
Subadult,three,Tomistoma,T. schlegelii,2.5,Crocodyloidea,Gavialoidea,Longirostrine,Longirostrine,Long_Narrow,Slender,Slender,'Tomistoma_UCMP_81702_481.JPG'
Subadult,three,Paleosuchus,P. palpebrosus,2.5,Alligatoroidea,Alligatoroidea,Brevirostine,Brevirostine,Short_Broad,Moderate,Moderate: Alligatoridae,‘P_palpebrosus_UF_62509.jpg'
Subadult,three,Paleosuchus,P. palpebrosus,2.5,Alligatoroidea,Alligatoroidea,Brevirostine,Brevirostine,Short_Broad,Moderate,Moderate: Alligatoridae,‘P_palpebrosus_UF_75020.jpg'
Adult,three,Paleosuchus,P. palpebrosus,2.75,Alligatoroidea,Alligatoroidea,Brevirostine,Brevirostine,Short_Broad,Moderate,Moderate: Alligatoridae,‘P_palpebrosus_UF_75023.jpg'
Subadult,three,Paleosuchus,P. palpebrosus,2.5,Alligatoroidea,Alligatoroidea,Brevirostine,Brevirostine,Short_Broad,Moderate,Moderate: Alligatoridae,‘P_palpebrosus_UF_87980.jpg'
Subadult,three,Caiman,Caiman latirostris,2.5,Alligatoroidea,Alligatoroidea,Brevirostine,Brevirostine,Short_Broad,Blunt,Blunt,‘Caiman_latirostris_2009_1_dorsal.jpg'
Adult,three,Crocodylus,C. porosus,3.5,Crocodyloidea,Crocodyloidea,Mesorostrine,Mesorostrine,Short_Narrow,Moderate,Moderate: Crocodylidae,‘Crocodilus_porosus_1847_3_5_33_dorsal.jpg'
Adult,three,Crocodylus,C. porosus,3.5,Crocodyloidea,Crocodyloidea,Mesorostrine,Mesorostrine,Short_Narrow,Moderate,Moderate: Crocodylidae,‘Crocodilus_porosus_no_number_dorsal.jpg'
Adult,three,Gavialis,G. gangeticus,3.5,Gavialoidea,Gavialoidea,Longirostrine,Longirostrine,Long_Broad,Slender,Slender,‘G_gangeticus_704_dorsal.jpg'
Mid-Stage Embryo,one,Mecistops,M. cataphractus,1.5,Crocodyloidea,Crocodyloidea,Longirostrine,Longirostrine,Long_Narrow,Slender,Slender,‘M_cataphractus_1953_1_11_31_dorsal.tif'
Mid-Stage Embryo,one,Mecistops,M. cataphractus,1.5,Crocodyloidea,Crocodyloidea,Longirostrine,Longirostrine,Long_Narrow,Slender,Slender,‘M_cataphractus_1953_1_11_32_dorsalL.tif'
Late-Stage Embryo,one,Mecistops,M. cataphractus,1.5,Crocodyloidea,Crocodyloidea,Longirostrine,Longirostrine,Long_Narrow,Slender,Slender,‘M_cataphractus_1953_1_11_33_dorsal.tif'
Mid-Stage Embryo,one,Mecistops,M. cataphractus,1.5,Crocodyloidea,Crocodyloidea,Longirostrine,Longirostrine,Long_Narrow,Slender,Slender,‘M_cataphractus_1953_1_11_38_dorsal.tif'
Mid-Stage Embryo,one,Paleosuchus,P. palpebrosus,1.5,Alligatoroidea,Alligatoroidea,Brevirostine,Brevirostine,Short_Broad,Moderate,Moderate: Alligatoridae,‘P_palpebrosus_54D_30C_dorsal.tif'
Mid-Stage Embryo,one,Paleosuchus,P. palpebrosus,1.5,Alligatoroidea,Alligatoroidea,Brevirostine,Brevirostine,Short_Broad,Moderate,Moderate: Alligatoridae,‘P_palpebrosus_54D_32C_dorsal.tif'
Hatchling,two,Paleosuchus,P. palpebrosus,1.5,Alligatoroidea,Alligatoroidea,Brevirostine,Brevirostine,Short_Broad,Moderate,Moderate: Alligatoridae,‘P_palpebrosus_66_8_14_213_dorsal.tif'
Hatchling,two,Paleosuchus,P. palpebrosus,1.5,Alligatoroidea,Alligatoroidea,Brevirostine,Brevirostine,Short_Broad,Moderate,Moderate: Alligatoridae,‘P_palpebrosus_COTW_II_dorsal.tif'
Hatchling,two,Paleosuchus,P. palpebrosus,1.5,Alligatoroidea,Alligatoroidea,Brevirostine,Brevirostine,Short_Broad,Moderate,Moderate: Alligatoridae,‘P_palpebrosus_COTW_IX_dorsal.tif'
Late-Stage Embryo,one,Paleosuchus,P. palpebrosus,1.5,Alligatoroidea,Alligatoroidea,Brevirostine,Brevirostine,Short_Broad,Moderate,Moderate: Alligatoridae,‘P_palpebrosus_COTW_V_dorsal.tif'
Late-Stage Embryo,one,Paleosuchus,P. palpebrosus,1.5,Alligatoroidea,Alligatoroidea,Brevirostine,Brevirostine,Short_Broad,Moderate,Moderate: Alligatoridae,‘P_palpebrosus_COTW_VIII_dorsal.tif'
Adult,three,Tomistoma,T. schlegelii,3.5,Crocodyloidea,Gavialoidea,Longirostrine,Longirostrine,Long_Narrow,Slender,Slender,‘T_schlegelii_1894_2_21_1_dorsal.jpg'
Late-Stage Embryo,one,Tomistoma,T. schlegelii,1.5,Crocodyloidea,Gavialoidea,Longirostrine,Longirostrine,Long_Narrow,Slender,Slender,‘T_schlegelii_COTW_III_dorsal.tif'
Late-Stage Embryo,one,Tomistoma,T. schlegelii,1.5,Crocodyloidea,Gavialoidea,Longirostrine,Longirostrine,Long_Narrow,Slender,Slender,‘T_schlegelii_COTW_IImaybe_dorsal.tif'
Late-Stage Embryo,one,Tomistoma,T. schlegelii,1.5,Crocodyloidea,Gavialoidea,Longirostrine,Longirostrine,Long_Narrow,Slender,Slender,‘T_schlegelii_COTW_Imaybe_dorsal.tif'